edital,colocacao,endereco,licitante,condicao,meses,entrada,valor
2/2023,1,ADE-AGUAS CLARAS CONJ 03 LT 14,10052003,A prazo,0,0.0,3000
2/2023,2,ADE-AGUAS CLARAS CONJ 03 LT 14,5014588,vista,0,1.0,1300
2/2023,Desclassificado,ADE-AGUAS CLARAS CONJ 03 LT 14,10051653,A prazo,0,0.0,1249
2/2023,Desclassificado,ADE-AGUAS CLARAS CONJ 08 LT 07,10051679,A prazo,0,0.0,3998
2/2023,Desclassificado,ADE-AGUAS CLARAS CONJ 08 LT 07,10051928,A prazo,0,0.0,3500
2/2023,1,ADE-AGUAS CLARAS CONJ 14 LT 15,5014587,vista,0,1.0,650000
2/2023,2,ADE-AGUAS CLARAS CONJ 14 LT 15,10051991,A prazo,0,0.0,650000
2/2023,3,ADE-AGUAS CLARAS CONJ 14 LT 15,10051994,A prazo,0,0.0,5000
2/2023,4,ADE-AGUAS CLARAS CONJ 14 LT 15,10051678,A prazo,0,0.0,1000
2/2023,1,ADE-AGUAS CLARAS CONJ 24 LT 12,10051938,A prazo,0,0.0,1780
2/2023,2,ADE-AGUAS CLARAS CONJ 24 LT 12,5014570,vista,0,1.0,1220
2/2023,Desclassificado,ADE-AGUAS CLARAS CONJ 24 LT 12,5014581,vista,0,1.0,3201
2/2023,1,ADE QD 01 CONJ C LT 09,10051997,A prazo,0,0.0,3000
2/2023,2,ADE QD 01 CONJ C LT 09,10051662,A prazo,0,0.0,2825
2/2023,3,ADE QD 01 CONJ C LT 09,10052012,A prazo,0,0.0,2119
2/2023,1,ADE QD 02 CONJ A LT 17,10051948,A prazo,0,0.0,1726
2/2023,2,ADE QD 02 CONJ A LT 17,10052021,A prazo,0,0.0,475
2/2023,1,SMC QD 01 LT 33,10051935,A prazo,0,0.0,470
2/2023,2,SMC QD 01 LT 33,5014605,vista,0,1.0,470
2/2023,1,SMC QD 05 LT 41,5014505,vista,0,1.0,4550
2/2023,2,SMC QD 05 LT 41,5014500,vista,0,1.0,3950
2/2023,3,SMC QD 05 LT 41,10051927,A prazo,0,0.0,1200
2/2023,4,SMC QD 05 LT 41,10051703,A prazo,0,0.0,1000
2/2023,5,SMC QD 05 LT 41,10051937,A prazo,0,0.0,836
2/2023,6,SMC QD 05 LT 41,10051940,A prazo,0,0.0,752
2/2023,1,SMC QD 05 LT 43,50145050,vista,0,1.0,4550
2/2023,2,SMC QD 05 LT 43,5014501,vista,0,1.0,3750
2/2023,3,SMC QD 05 LT 43,10051702,A prazo,0,0.0,2000
2/2023,4,SMC QD 05 LT 43,10051924,A prazo,0,0.0,1800
2/2023,5,SMC QD 05 LT 43,10051950,A prazo,0,0.0,1566
2/2023,6,SMC QD 05 LT 43,10051990,A prazo,0,0.0,1209
2/2023,7,SMC QD 05 LT 43,10051816,A prazo,0,0.0,833
2/2023,Desclassificado,SMC QD 05 LT 43,10052020,A prazo,0,0.0,450
2/2023,1,ADE QD 04 CONJ C LT 01,10051974,A prazo,0,0.0,1577
2/2023,2,ADE QD 04 CONJ C LT 01,10051674,A prazo,0,0.0,1100
2/2023,3,ADE QD 04 CONJ C LT 01,10051976,A prazo,0,0.0,1025
2/2023,4,ADE QD 04 CONJ C LT 01,10051957,A prazo,0,0.0,555
2/2023,1,ADE QD 04 CONJ C LT 24,10051729,A prazo,0,0.0,870
2/2023,1,ADE QD 04 CONJ C LT 27,10051966,A prazo,0,0.0,251
2/2023,1,ADE QD 04 CONJ F LT 01,10051992,A prazo,0,0.0,220
2/2023,1,ADE QD 04 CONJ F LT 09,50145280,vista,0,1.0,1550
2/2023,2,ADE QD 04 CONJ F LT 09,10051929,A prazo,0,0.0,300
2/2023,1,ADE QD 04 CONJ F LT 10,5014528,A prazo,360,1.0,1550
2/2023,2,ADE QD 04 CONJ F LT 10,10051980,A prazo,0,0.0,450
2/2023,3,ADE QD 04 CONJ F LT 10,5014582,vista,0,1.0,397
2/2023,Desclassificado,ADE QD 04 CONJ F LT 10,5014476,A prazo,360,1.0,545
2/2023,1,ADE QD 04 CONJ F LT 11,501450501,vista,0,1.0,1550
2/2023,2,ADE QD 04 CONJ F LT 11,5014580,vista,0,1.0,900
2/2023,3,ADE QD 04 CONJ F LT 11,10051925,A prazo,0,0.0,400
2/2023,1,ADE QD 04 CONJ F LT 12,50145057,vista,0,1.0,1550
2/2023,2,ADE QD 04 CONJ F LT 12,5014583,vista,0,1.0,1320
2/2023,3,ADE QD 04 CONJ F LT 12,10051926,A prazo,0,0.0,400
2/2023,1,ADE QD 04 CONJ F LT 28,5014534,vista,0,1.0,520
2/2023,1,ADE QD 04 CONJ H LT 13,10051993,A prazo,0,0.0,550
2/2023,2,ADE QD 04 CONJ H LT 13,10051983,A prazo,0,0.0,450
2/2023,1,SMC QD CL CONJ B LT 02,10051979,A prazo,0,0.0,535
2/2023,2,SMC QD CL CONJ B LT 02,10052006,A prazo,0,0.0,200
2/2023,1,SMA CONJ L LT 10,10052013,A prazo,0,0.0,1060
2/2023,2,SMA CONJ L LT 10,10051954,A prazo,0,0.0,1000
2/2023,3,SMA CONJ L LT 10,10051965,A prazo,0,0.0,800
2/2023,4,SMA CONJ L LT 10,10051932,A prazo,0,0.0,612
2/2023,5,SMA CONJ L LT 10,10052019,A prazo,0,0.0,586
2/2023,6,SMA CONJ L LT 10,10051664,A prazo,0,0.0,551
2/2023,7,SMA CONJ L LT 10,5014598,vista,0,1.0,409
2/2023,8,SMA CONJ L LT 10,10051988,A prazo,0,0.0,377
2/2023,9,SMA CONJ L LT 10,10052016,A prazo,0,0.0,347
2/2023,10,SMA CONJ L LT 10,5014120,vista,0,1.0,326
2/2023,Desclassificado,SMA CONJ L LT 10,5014499,vista,0,1.0,2100
2/2023,1,SMA CONJ I LT 08,10051999,A prazo,0,0.0,2000
2/2023,2,SMA CONJ I LT 08,10051955,A prazo,0,0.0,1200
2/2023,3,SMA CONJ I LT 08,10051731,A prazo,0,0.0,1132
2/2023,4,SMA CONJ I LT 08,10051989,A prazo,0,0.0,777
2/2023,5,SMA CONJ I LT 08,10051975,A prazo,0,0.0,559
2/2023,6,SMA CONJ I LT 08,5014599,vista,0,1.0,539
2/2023,Desclassificado,SMA CONJ I LT 08,5014475,A prazo,360,1.0,1089
2/2023,1,SCIA QD 08 CONJ 08 LT 06,5014521,vista,0,1.0,7501
2/2023,2,SCIA QD 08 CONJ 08 LT 06,10052017,A prazo,0,0.0,3000
2/2023,1,SCIA QD 08 CONJ 09 LT 01,5014600,vista,0,1.0,20000
2/2023,2,SCIA QD 08 CONJ 09 LT 01,5014479,vista,0,1.0,4111
2/2023,3,SCIA QD 08 CONJ 09 LT 01,5014525,vista,0,1.0,3500
2/2023,4,SCIA QD 08 CONJ 09 LT 01,5014608,vista,0,1.0,3250
2/2023,5,SCIA QD 08 CONJ 09 LT 01,10051968,A prazo,0,0.0,3000
2/2023,6,SCIA QD 08 CONJ 09 LT 01,5014061,vista,0,1.0,2864
2/2023,1,SCIA QD 08 CONJ 09 LT 08,10051995,A prazo,0,0.0,3300
2/2023,1,SCIA QD 08 CONJ 09 LT 11,5014590,vista,0,1.0,2864
2/2023,1,SCIA QD 08 CONJ 13 LT 08,10051996,A prazo,0,0.0,3600
2/2023,1,SCIA QD 08 CONJ 14 LT 04,10051917,A prazo,0,0.0,9500
2/2023,2,SCIA QD 08 CONJ 14 LT 04,10051964,A prazo,0,0.0,8010
2/2023,Desclassificado,SCIA QD 08 CONJ 14 LT 07,10051951,A prazo,0,0.0,5815
2/2023,1,SCIA QD 08 CONJ 14 LT 11,5014567,vista,0,1.0,9800
2/2023,2,SCIA QD 08 CONJ 14 LT 11,10051661,A prazo,0,0.0,7055
2/2023,3,SCIA QD 08 CONJ 14 LT 11,10051916,A prazo,0,0.0,6600
2/2023,4,SCIA QD 08 CONJ 14 LT 11,10051762,A prazo,0,0.0,6101
2/2023,5,SCIA QD 08 CONJ 14 LT 11,5014518,vista,0,1.0,5500
2/2023,6,SCIA QD 08 CONJ 14 LT 11,10051971,A prazo,0,0.0,5000
2/2023,Desclassificado,SCIA QD 14 CONJ 02 LT 21,10051918,A prazo,0,0.0,7500
2/2023,1,SCIA QD 08 CONJ 11 LT B,5014482,vista,0,1.0,700
2/2023,2,SCIA QD 08 CONJ 11 LT B,5014591,vista,0,1.0,601
2/2023,3,SCIA QD 08 CONJ 11 LT B,5014571,vista,0,1.0,515
2/2023,4,SCIA QD 08 CONJ 11 LT B,5014577,vista,0,1.0,447
2/2023,1,SCIA QD 08 CONJ 11 LT C,5014481,vista,0,1.0,700
2/2023,2,SCIA QD 08 CONJ 11 LT C,5014592,vista,0,1.0,601
2/2023,3,SCIA QD 08 CONJ 11 LT C,5014576,vista,0,1.0,515
2/2023,4,SCIA QD 08 CONJ 11 LT C,5014578,vista,0,1.0,457
2/2023,1,AREA DES/ECONOMICO QD 400 CONJ 02 LT 11,50145054,vista,0,1.0,431
2/2023,Desclassificado,AREA DES/ECONOMICO QD 400 CONJ 04 LT 11,10051663,A prazo,0,0.0,400
2/2023,1,AREA DES/ECONOMICO QD 400 CONJ 04 LT 16,5014068,vista,0,1.0,350
2/2023,1,AREA DES/ECONOMICO QD 400 CONJ 05 LT 10,5014509,vista,0,1.0,237
2/2023,Desclassificado,AREA DES/ECONOMICO QD 400 CONJ 06 LT 06,5014135,vista,0,1.0,2000
2/2023,1,AREA DES/ECONOMICO QD 600 CONJ 01 LT 03,10051987,A prazo,0,0.0,390
2/2023,1,AREA DES/ECONOMICO QD 600 CONJ 01 LT 17,10051793,A prazo,0,0.0,1251
2/2023,2,AREA DES/ECONOMICO QD 600 CONJ 01 LT 17,10051969,A prazo,0,0.0,550
2/2023,1,AREA DES/ECONOMICO QD 600 CONJ 02 LT 06,10051673,A prazo,0,0.0,223
2/2023,1,AREA DES/ECONOMICO QD 600 CONJ 02 LT 23,10051949,A prazo,0,0.0,691
2/2023,Desclassificado,AREA DES/ECONOMICO QD 600 CONJ 04 LT 12,5014492,vista,0,1.0,220
2/2023,Desclassificado,AREA DES/ECONOMICO QD 600 CONJ 07 LT 06,10052007,A prazo,0,0.0,224
2/2023,1,AREA DES/ECONOMICO QD 600 CONJ 07 LT 13,10051722,A prazo,0,0.0,1200
2/2023,1,AREA DES/ECONOMICO QD 600 CONJ 08 LT 23,10051659,A prazo,0,0.0,1200
2/2023,2,AREA DES/ECONOMICO QD 600 CONJ 08 LT 23,5014510,vista,0,1.0,421
2/2023,1,AREA DES/ECONOMICO QD 600 CONJ 08 LT 24,5014586,vista,0,1.0,417
2/2023,1,QOF QN 07 CONJ 02 LT 12,5014485,vista,0,1.0,854
2/2023,2,QOF QN 07 CONJ 02 LT 12,50141430,vista,0,1.0,750
2/2023,1,QOF QN 07 CONJ 03 LT 05,50145282,vista,0,1.0,5125
2/2023,2,QOF QN 07 CONJ 03 LT 05,5014483,vista,0,1.0,2157
2/2023,3,QOF QN 07 CONJ 03 LT 05,10052018,A prazo,0,0.0,900
2/2023,4,QOF QN 07 CONJ 03 LT 05,5014143,vista,0,1.0,750
2/2023,1,QOF QN 07 CONJ 04 LT 12,10051657,A prazo,0,0.0,427
2/2023,1,SAMAMBAIA QN 305 CONJ 04 LT 13,5014512,vista,0,1.0,501
2/2023,2,SAMAMBAIA QN 305 CONJ 04 LT 13,10051933,A prazo,0,0.0,345
2/2023,1,SAMAMBAIA QN 305 CONJ 04 LT 14,5014513,vista,0,1.0,501
2/2023,2,SAMAMBAIA QN 305 CONJ 04 LT 14,10051934,A prazo,0,0.0,345
2/2023,1,ADE/SUL CONJ 16 LT 14,10051911,A prazo,0,0.0,650
2/2023,Desclassificado,ADE/SUL CONJ 16 LT 14,10051952,A prazo,0,0.0,1392
2/2023,1,ADE/SUL CONJ 16 LT 16,10051752,A prazo,0,0.0,650
2/2023,2,ADE/SUL CONJ 16 LT 16,10051680,A prazo,0,0.0,500
2/2023,1,ADE/SUL CONJ 05 LT 08,50145051,vista,0,1.0,537
2/2023,Desclassificado,ADE/SUL CONJ 05 LT 08,50145058,vista,0,1.0,7000
2/2023,1,ADE/SUL CONJ 05 LT 09,50145055,vista,0,1.0,537
2/2023,Desclassificado,ADE/SUL CONJ 05 LT 09,50145053,vista,0,1.0,7001
2/2023,1,ADE/SUL CONJ 11 LT 04,10051922,A prazo,0,0.0,299
2/2023,1,ADE/SUL CONJ 14 LT 03,501450511,vista,0,1.0,1192
2/2023,2,ADE/SUL CONJ 14 LT 03,5014007,vista,0,1.0,500
2/2023,3,ADE/SUL CONJ 14 LT 03,10051670,A prazo,0,0.0,500
2/2023,4,ADE/SUL CONJ 14 LT 03,10052011,A prazo,0,0.0,310
2/2023,5,ADE/SUL CONJ 14 LT 03,10051656,A prazo,0,0.0,300
2/2023,1,ADE/SUL CONJ 14 LT 04,50145052,vista,0,1.0,1191
2/2023,2,ADE/SUL CONJ 14 LT 04,5014011,vista,0,1.0,500
2/2023,3,ADE/SUL CONJ 14 LT 04,10051671,A prazo,0,0.0,500
2/2023,4,ADE/SUL CONJ 14 LT 04,10051654,A prazo,0,0.0,410
2/2023,5,ADE/SUL CONJ 14 LT 04,10052014,A prazo,0,0.0,310
2/2023,6,ADE/SUL CONJ 14 LT 04,10052008,A prazo,0,0.0,199
2/2023,1,ADE/SUL CONJ 17 LT 17,5014484,vista,0,1.0,500
2/2023,1,ADE/SUL CONJ 17 LT 18,5014486,vista,0,1.0,300
2/2023,Desclassificado,ADE/SUL CONJ 17 LT 18,10052009,A prazo,0,0.0,436
2/2023,1,ADE/SUL CONJ 17 LT 19,5014490,vista,0,1.0,300
2/2023,1,ADE/SUL CONJ 17 LT 20,5014491,vista,0,1.0,300
2/2023,1,SANTA MARIA AREA COMPLEMENTAR 200 CONJ G LT 02,5014544,vista,0,1.0,785
2/2023,1,EXP/ECONOMICA QD 02 LT 12,10051931,A prazo,0,0.0,687
3/2023,Desclassificado,AG/CLARAS AVENIDA PARQUE AGUAS CLARAS LT 3680,5014241,A prazo,60,0.3,17000100
3/2023,2,AG/CLARAS AVENIDA PARQUE AGUAS CLARAS LT 3680,5014205,A prazo,60,0.3,13146015
3/2023,3,AG/CLARAS AVENIDA PARQUE AGUAS CLARAS LT 3680,5014031,A prazo,11,0.3,11522000
3/2023,4,AG/CLARAS AVENIDA PARQUE AGUAS CLARAS LT 3680,5014123,A prazo,60,0.3,11501000
3/2023,5,AG/CLARAS AVENIDA PARQUE AGUAS CLARAS LT 3680,5014316,A prazo,60,0.3,11400000
3/2023,6,AG/CLARAS AVENIDA PARQUE AGUAS CLARAS LT 3680,5014246,A prazo,60,0.3,10740000
3/2023,7,AG/CLARAS AVENIDA PARQUE AGUAS CLARAS LT 3680,10051854,A prazo,60,0.3,8000000
3/2023,8,AG/CLARAS AVENIDA PARQUE AGUAS CLARAS LT 3680,5014147,A prazo,35,0.3,7886000
3/2023,1,QS-AG/CLARAS QS 09 RUA 150 LT 08,5014251,A prazo,180,1.0,25000
3/2023,2,QS-AG/CLARAS QS 09 RUA 150 LT 08,5014231,vista,0,1.0,8600
3/2023,3,QS-AG/CLARAS QS 09 RUA 150 LT 08,5014290,vista,0,1.0,2300
3/2023,1,ADE-AGUAS CLARAS CONJ 06 LT 26,5014285,A prazo,170,0.11,197013
3/2023,2,ADE-AGUAS CLARAS CONJ 06 LT 26,5014405,A prazo,180,0.05,192999
3/2023,1,SHC/SW EQ/RESIDENCIAL-SW 3/4 LT 02,5014178,A prazo,60,0.3,895000
3/2023,2,SHC/SW EQ/RESIDENCIAL-SW 3/4 LT 02,5014312,A prazo,180,0.3,663000
3/2023,3,SHC/SW EQ/RESIDENCIAL-SW 3/4 LT 02,5014296,A prazo,180,0.3,651000
3/2023,4,SHC/SW EQ/RESIDENCIAL-SW 3/4 LT 02,5014145,A prazo,60,0.3,631650
3/2023,5,SHC/SW EQ/RESIDENCIAL-SW 3/4 LT 02,5014000,A prazo,180,0.31,614000
3/2023,1,IMÓVEIS AGRUPADOS - VIDE EDITAL,5014235,A prazo,180,1.0,65999
3/2023,2,IMÓVEIS AGRUPADOS - VIDE EDITAL,5014213,vista,0,1.0,33900
3/2023,3,IMÓVEIS AGRUPADOS - VIDE EDITAL,5014230,vista,0,1.0,25000
3/2023,4,IMÓVEIS AGRUPADOS - VIDE EDITAL,10051737,A prazo,180,1.0,20550
3/2023,5,IMÓVEIS AGRUPADOS - VIDE EDITAL,5014252,vista,0,1.0,9000
3/2023,Desclassificado,IMÓVEIS AGRUPADOS - VIDE EDITAL,513680,vista,0,1.0,24000
3/2023,1,O/NORTE-QNO QD 01 CONJ I LT 01,5014234,A prazo,180,1.0,41000
3/2023,2,O/NORTE-QNO QD 01 CONJ I LT 01,5014214,vista,0,1.0,17900
3/2023,3,O/NORTE-QNO QD 01 CONJ I LT 01,5014258,vista,0,1.0,15000
3/2023,4,O/NORTE-QNO QD 01 CONJ I LT 01,5014385,vista,0,1.0,4200
3/2023,Desclassificado,O/NORTE-QNO QD 01 CONJ I LT 01,5013679,vista,0,1.0,20000
3/2023,1,IMÓVEIS AGRUPADOS - VIDE EDITAL,5014236,A prazo,180,1.0,66000
3/2023,2,IMÓVEIS AGRUPADOS - VIDE EDITAL,5014137,vista,0,1.0,26699
3/2023,3,IMÓVEIS AGRUPADOS - VIDE EDITAL,5014212,vista,0,1.0,26000
3/2023,4,IMÓVEIS AGRUPADOS - VIDE EDITAL,5014261,vista,0,1.0,25000
3/2023,Desclassificado,IMÓVEIS AGRUPADOS - VIDE EDITAL,5014269,vista,0,1.0,24000
3/2023,1,O/NORTE-QNO QD 18 CONJ J LT 02,5014072,A prazo,60,0.3,593000
3/2023,1,IND I QD CENTRAL DE SERVICO AREA 05,10051754,A prazo,60,0.3,172115
3/2023,2,IND I QD CENTRAL DE SERVICO AREA 05,5014301,A prazo,60,0.3,165000
3/2023,3,IND I QD CENTRAL DE SERVICO AREA 05,10051784,A prazo,60,0.3,157000
3/2023,Desclassificado,IND I QD CENTRAL DE SERVICO AREA 05,5014455,A prazo,60,0.3,172115
3/2023,Desclassificado,IND I QD 12 LT 32,10051688,A prazo,180,0.05,352000
3/2023,2,IND I QD 12 LT 32,10051871,A prazo,180,0.05,304000
3/2023,3,IND I QD 12 LT 32,10051716,A prazo,80,0.1,263587
3/2023,4,IND I QD 12 LT 32,5014142,A prazo,180,0.05,260020
3/2023,5,IND I QD 12 LT 32,5014404,A prazo,178,0.06,253999
3/2023,6,IND I QD 12 LT 32,5014096,A prazo,175,0.06,215000
3/2023,Desclassificado,IND I QD 12 LT 32,10051802,A prazo,180,0.05,278001
3/2023,Desclassificado,IND I QD 12 LT 32,5014354,A prazo,180,0.05,278000
3/2023,Desclassificado,IND I QD 12 LT 32,5014456,A prazo,80,0.1,263587
3/2023,1,IND I QD 12 LT 34,10051863,A prazo,180,0.05,353000
3/2023,2,IND I QD 12 LT 34,10051689,A prazo,180,0.05,352000
3/2023,3,IND I QD 12 LT 34,5014267,A prazo,170,0.11,303000
3/2023,4,IND I QD 12 LT 34,10051717,A prazo,80,0.1,263587
3/2023,5,IND I QD 12 LT 34,5014113,A prazo,180,0.05,261020
3/2023,6,IND I QD 12 LT 34,5014388,A prazo,177,0.06,252999
3/2023,7,IND I QD 12 LT 34,10051684,A prazo,36,0.05,213000
3/2023,Desclassificado,IND I QD 12 LT 34,10051803,A prazo,180,0.05,278001
3/2023,Desclassificado,IND I QD 12 LT 34,5014345,A prazo,180,0.05,278000
3/2023,Desclassificado,IND I QD 12 LT 34,5014458,A prazo,80,0.1,263587
3/2023,1,IND I QD 12 LT 36,10051861,A prazo,180,0.05,425032
3/2023,2,IND I QD 12 LT 36,10051690,A prazo,180,0.05,352000
3/2023,3,IND I QD 12 LT 36,10051718,A prazo,80,0.1,306595
3/2023,4,IND I QD 12 LT 36,5014265,A prazo,170,0.11,303000
3/2023,5,IND I QD 12 LT 36,5014111,A prazo,180,0.05,261030
3/2023,6,IND I QD 12 LT 36,5014394,A prazo,179,0.06,251999
3/2023,7,IND I QD 12 LT 36,10051782,A prazo,100,0.1,227700
3/2023,8,IND I QD 12 LT 36,5014140,A prazo,180,0.05,226000
3/2023,9,IND I QD 12 LT 36,5014291,A prazo,180,0.05,218000
3/2023,10,IND I QD 12 LT 36,10051685,A prazo,36,0.05,213000
3/2023,11,IND I QD 12 LT 36,5014403,A prazo,180,0.05,211999
3/2023,12,IND I QD 12 LT 36,5014384,A prazo,180,0.05,211156
3/2023,Desclassificado,IND I QD 12 LT 36,5014460,A prazo,80,0.1,306595
3/2023,Desclassificado,IND I QD 12 LT 36,10051804,A prazo,180,0.05,278001
3/2023,Desclassificado,IND I QD 12 LT 36,5014343,A prazo,180,0.05,278000
3/2023,1,SMC QD CL CONJ A LT 02,5014325,A prazo,180,0.05,90715
3/2023,2,SMC QD CL CONJ A LT 02,5014381,vista,0,1.0,52330
3/2023,3,SMC QD CL CONJ A LT 02,10051778,A prazo,36,0.5,47700
3/2023,1,SRIA QE 52 CONJ E LT 04,10051773,A prazo,180,0.05,352074
3/2023,2,SRIA QE 52 CONJ E LT 04,5014438,A prazo,180,0.05,351181
3/2023,3,SRIA QE 52 CONJ E LT 04,10051706,A prazo,180,0.05,351000
3/2023,4,SRIA QE 52 CONJ E LT 04,10051867,A prazo,180,0.05,330010
3/2023,5,SRIA QE 52 CONJ E LT 04,10051840,A prazo,180,0.3,321001
3/2023,6,SRIA QE 52 CONJ E LT 04,10051821,A prazo,175,0.06,310650
3/2023,7,SRIA QE 52 CONJ E LT 04,5014264,A prazo,144,0.2,288501
3/2023,8,SRIA QE 52 CONJ E LT 04,5014419,A prazo,180,0.05,270040
3/2023,9,SRIA QE 52 CONJ E LT 04,5014304,A prazo,60,0.3,265000
3/2023,10,SRIA QE 52 CONJ E LT 04,5014353,A prazo,18,0.05,261990
3/2023,11,SRIA QE 52 CONJ E LT 04,10051820,A prazo,180,0.12,260000
3/2023,12,SRIA QE 52 CONJ E LT 04,10051791,A prazo,180,0.05,255000
3/2023,13,SRIA QE 52 CONJ E LT 04,10051761,vista,0,1.0,251999
3/2023,14,SRIA QE 52 CONJ E LT 04,10051686,A prazo,96,0.08,250000
3/2023,1,SRIA CENTRO COMUNAL I LT 03,5014277,A prazo,180,1.0,63000
3/2023,2,SRIA CENTRO COMUNAL I LT 03,5014273,vista,0,1.0,55000
3/2023,3,SRIA CENTRO COMUNAL I LT 03,5014092,vista,0,1.0,35551
3/2023,4,SRIA CENTRO COMUNAL I LT 03,5014210,A prazo,180,1.0,16800
3/2023,1,SRIA CENTRO COMUNAL I LT 05,5014279,A prazo,180,1.0,67000
3/2023,2,SRIA CENTRO COMUNAL I LT 05,5014215,vista,0,1.0,47000
3/2023,3,SRIA CENTRO COMUNAL I LT 05,5014209,vista,0,1.0,40000
3/2023,4,SRIA CENTRO COMUNAL I LT 05,5014093,vista,0,1.0,35551
3/2023,5,SRIA CENTRO COMUNAL I LT 05,5014048,vista,0,1.0,35500
3/2023,6,SRIA CENTRO COMUNAL I LT 05,5014136,vista,0,1.0,35159
3/2023,7,SRIA CENTRO COMUNAL I LT 05,5014293,vista,0,1.0,28600
3/2023,Desclassificado,SRIA CENTRO COMUNAL I LT 05,5014049,vista,0,1.0,35399
3/2023,Desclassificado,SRIA CENTRO COMUNAL I LT 05,5014057,vista,0,1.0,28900
3/2023,Desclassificado,SRIA CENTRO COMUNAL I LT 05,5014053,vista,0,1.0,20999
3/2023,Desclassificado,AV. ITAPOA PARQUE QD 501 LT 01,5014256,vista,0,0.01,1200000
3/2023,2,AV. ITAPOA PARQUE QD 501 LT 01,5014259,A prazo,180,0.05,780000
3/2023,3,AV. ITAPOA PARQUE QD 501 LT 01,5014196,A prazo,180,0.05,763000
3/2023,4,AV. ITAPOA PARQUE QD 501 LT 01,5014208,A prazo,180,0.05,701000
3/2023,5,AV. ITAPOA PARQUE QD 501 LT 01,5014378,A prazo,180,0.05,597000
3/2023,6,AV. ITAPOA PARQUE QD 501 LT 01,10051725,vista,0,1.0,510000
3/2023,7,AV. ITAPOA PARQUE QD 501 LT 01,5014330,A prazo,180,0.05,439000
3/2023,8,AV. ITAPOA PARQUE QD 501 LT 01,10051835,A prazo,180,0.05,438900
3/2023,Desclassificado,AV. ITAPOA PARQUE QD 501 LT 01,5013195,A prazo,180,0.05,763000
3/2023,Desclassificado,AV. ITAPOA PARQUE QD 501 LT 01,5014344,A prazo,100,0.05,510000
3/2023,1,AV. ITAPOA PARQUE QD 501 LT 02,10051767,A prazo,180,0.05,531999
3/2023,2,AV. ITAPOA PARQUE QD 501 LT 02,50142590,A prazo,180,0.05,482000
3/2023,3,AV. ITAPOA PARQUE QD 501 LT 02,5014202,A prazo,180,0.05,459000
3/2023,4,AV. ITAPOA PARQUE QD 501 LT 02,5014218,A prazo,180,0.05,372980
3/2023,5,AV. ITAPOA PARQUE QD 501 LT 02,10051844,A prazo,180,0.05,252720
3/2023,6,AV. ITAPOA PARQUE QD 501 LT 02,10051836,A prazo,180,0.11,238199
3/2023,7,AV. ITAPOA PARQUE QD 501 LT 02,10051726,vista,0,1.0,238000
3/2023,8,AV. ITAPOA PARQUE QD 501 LT 02,5014426,A prazo,180,0.05,236100
3/2023,Desclassificado,AV. ITAPOA PARQUE QD 501 LT 02,5013194,A prazo,180,0.05,480000
3/2023,Desclassificado,AV. ITAPOA PARQUE QD 501 LT 02,5014337,A prazo,100,0.05,238000
3/2023,Desclassificado,AV. ITAPOA PARQUE QD 501 LT 03,5014262,A prazo,180,0.05,482000
3/2023,2,AV. ITAPOA PARQUE QD 501 LT 03,5014433,A prazo,180,0.05,300100
3/2023,3,AV. ITAPOA PARQUE QD 501 LT 03,10051727,vista,0,1.0,238000
3/2023,Desclassificado,AV. ITAPOA PARQUE QD 501 LT 03,5013878,A prazo,180,0.05,480000
3/2023,Desclassificado,AV. ITAPOA PARQUE QD 501 LT 03,5014386,A prazo,100,0.05,238000
3/2023,Desclassificado,AV. ITAPOA PARQUE QD 501 LT 04,5014432,A prazo,180,0.05,471010
3/2023,2,AV. ITAPOA PARQUE QD 501 LT 04,5014451,A prazo,180,0.41,452000
3/2023,3,AV. ITAPOA PARQUE QD 501 LT 04,10051843,A prazo,180,0.05,411000
3/2023,4,AV. ITAPOA PARQUE QD 501 LT 04,10051728,vista,0,1.0,238000
3/2023,Desclassificado,AV. ITAPOA PARQUE QD 501 LT 04,5014333,A prazo,100,0.05,238000
3/2023,1,AV. ITAPOA PARQUE QD 501 LT 05,5014295,A prazo,180,0.05,452000
3/2023,2,AV. ITAPOA PARQUE QD 501 LT 05,5014450,A prazo,180,0.41,452000
3/2023,3,AV. ITAPOA PARQUE QD 501 LT 05,5014319,A prazo,180,0.1,420000
3/2023,4,AV. ITAPOA PARQUE QD 501 LT 05,10051798,A prazo,180,0.07,411000
3/2023,5,AV. ITAPOA PARQUE QD 501 LT 05,10051849,A prazo,180,0.05,250500
3/2023,Desclassificado,AV. ITAPOA PARQUE QD 501 LT 05,5014402,A prazo,180,0.05,250500
3/2023,1,AV. ITAPOA PARQUE QD 501 LT 06,5014449,A prazo,180,0.41,452000
3/2023,2,AV. ITAPOA PARQUE QD 501 LT 06,10051799,A prazo,180,0.07,441000
3/2023,3,AV. ITAPOA PARQUE QD 501 LT 06,10051870,A prazo,179,0.05,406000
3/2023,4,AV. ITAPOA PARQUE QD 501 LT 06,5014349,A prazo,180,0.1,350000
3/2023,5,AV. ITAPOA PARQUE QD 501 LT 06,10051847,A prazo,180,0.05,252720
3/2023,6,AV. ITAPOA PARQUE QD 501 LT 06,10051874,A prazo,180,0.05,250500
3/2023,Desclassificado,AV. ITAPOA PARQUE QD 501 LT 06,5014406,A prazo,180,0.05,250500
3/2023,1,AV. ITAPOA PARQUE QD 501 LT 07,5014376,A prazo,180,0.1,475000
3/2023,2,AV. ITAPOA PARQUE QD 501 LT 07,5014200,A prazo,180,0.05,453000
3/2023,3,AV. ITAPOA PARQUE QD 501 LT 07,5014448,A prazo,180,0.41,452000
3/2023,4,AV. ITAPOA PARQUE QD 501 LT 07,10051800,A prazo,180,0.07,451000
3/2023,5,AV. ITAPOA PARQUE QD 501 LT 07,5014410,A prazo,180,0.05,317000
3/2023,6,AV. ITAPOA PARQUE QD 501 LT 07,5014332,A prazo,180,0.05,267000
3/2023,7,AV. ITAPOA PARQUE QD 501 LT 07,10051850,A prazo,180,0.05,262080
3/2023,8,AV. ITAPOA PARQUE QD 501 LT 07,10051845,A prazo,180,0.05,250500
3/2023,Desclassificado,AV. ITAPOA PARQUE QD 501 LT 07,5014400,A prazo,180,0.05,250500
3/2023,Desclassificado,ST HAB. J. BOTANICO AVENIDA DAS PAINEIRAS QD-03 CONJ A LT 11,5014331,A prazo,180,0.31,810000
3/2023,2,ST HAB. J. BOTANICO AVENIDA DAS PAINEIRAS QD-03 CONJ A LT 11,10051813,A prazo,180,0.08,678900
3/2023,Desclassificado,ST HAB. J. BOTANICO AVENIDA DAS PAINEIRAS QD-03 CONJ A LT 11,5013871,vista,0,1.0,1500000
3/2023,Desclassificado,ST HAB. J. BOTANICO AVENIDA DAS PAINEIRAS QD-03 CONJ A LT 19,10051900,A prazo,180,0.05,721000
3/2023,2,ST HAB. J. BOTANICO AVENIDA DAS PAINEIRAS QD-03 CONJ A LT 19,5014390,A prazo,180,0.05,625343
3/2023,1,ST HAB. J. BOTANICO AVENIDA DAS PAINEIRAS QD-09 CONJ B LT 07,10051780,A prazo,48,0.05,980000
3/2023,2,ST HAB. J. BOTANICO AVENIDA DAS PAINEIRAS QD-09 CONJ B LT 07,5014380,A prazo,180,0.05,862200
3/2023,3,ST HAB. J. BOTANICO AVENIDA DAS PAINEIRAS QD-09 CONJ B LT 07,5014328,A prazo,180,0.31,850000
3/2023,4,ST HAB. J. BOTANICO AVENIDA DAS PAINEIRAS QD-09 CONJ B LT 07,10051801,A prazo,180,0.05,754250
3/2023,5,ST HAB. J. BOTANICO AVENIDA DAS PAINEIRAS QD-09 CONJ B LT 07,10051810,A prazo,180,0.05,751010
3/2023,6,ST HAB. J. BOTANICO AVENIDA DAS PAINEIRAS QD-09 CONJ B LT 07,10051902,A prazo,180,0.05,721000
3/2023,7,ST HAB. J. BOTANICO AVENIDA DAS PAINEIRAS QD-09 CONJ B LT 07,10051757,A prazo,180,0.05,702050
3/2023,8,ST HAB. J. BOTANICO AVENIDA DAS PAINEIRAS QD-09 CONJ B LT 07,10051699,A prazo,90,0.1,670000
3/2023,9,ST HAB. J. BOTANICO AVENIDA DAS PAINEIRAS QD-09 CONJ B LT 07,10051744,A prazo,180,0.05,612050
3/2023,10,ST HAB. J. BOTANICO AVENIDA DAS PAINEIRAS QD-09 CONJ B LT 07,5014324,A prazo,180,0.15,559167
3/2023,11,ST HAB. J. BOTANICO AVENIDA DAS PAINEIRAS QD-09 CONJ B LT 07,5014310,A prazo,130,0.2,559100
3/2023,Desclassificado,ST HAB. J. BOTANICO AVENIDA DAS PAINEIRAS S QD-09 CONJ A LT 16,10051823,A prazo,180,0.05,1150000
3/2023,1,ST HAB. J. BOTANICO AVENIDA DAS PAINEIRAS S QD-11 CONJ C LT 09,5014302,A prazo,180,0.05,682501
3/2023,2,ST HAB. J. BOTANICO AVENIDA DAS PAINEIRAS S QD-11 CONJ C LT 09,10051829,A prazo,180,0.05,650100
3/2023,1,"SHTQ/RA-XVIII TRECHO 01, QD-04 CONJ 05 LT 63",10051894,A prazo,180,0.05,767000
3/2023,2,"SHTQ/RA-XVIII TRECHO 01, QD-04 CONJ 05 LT 63",10051759,A prazo,180,0.1,753000
3/2023,3,"SHTQ/RA-XVIII TRECHO 01, QD-04 CONJ 05 LT 63",10051745,A prazo,180,0.05,729050
3/2023,4,"SHTQ/RA-XVIII TRECHO 01, QD-04 CONJ 05 LT 63",5014377,A prazo,180,0.05,710000
3/2023,5,"SHTQ/RA-XVIII TRECHO 01, QD-04 CONJ 05 LT 63",5014300,A prazo,180,0.05,701000
3/2023,6,"SHTQ/RA-XVIII TRECHO 01, QD-04 CONJ 05 LT 63",5014286,A prazo,180,0.07,701000
3/2023,7,"SHTQ/RA-XVIII TRECHO 01, QD-04 CONJ 05 LT 63",5014315,A prazo,75,0.36,647000
3/2023,8,"SHTQ/RA-XVIII TRECHO 01, QD-04 CONJ 05 LT 63",5014204,vista,0,1.0,600001
3/2023,9,"SHTQ/RA-XVIII TRECHO 01, QD-04 CONJ 05 LT 63",10051693,A prazo,180,0.2,600000
3/2023,Desclassificado,"SHTQ/RA-XVIII TRECHO 01, QD-04 CONJ 05 LT 63",5014288,A prazo,180,0.05,617000
3/2023,Desclassificado,"SHTQ/RA-XVIII TRECHO 01, QD-05 CONJ 01 LT 08",10051681,A prazo,180,1.0,15930
3/2023,1,PARANOÁ QD 04 CONJ 07 LT 02,5014192,A prazo,180,0.05,961000
3/2023,1,PARANOÁ QD 04 CONJ 07 LT 03,5014191,A prazo,180,0.05,931000
3/2023,Desclassificado,PARANOÁ QD 04 CONJ 07 LT 04,10051732,vista,0,1.0,770000
3/2023,Desclassificado,PARANOÁ QD 04 CONJ 07 LT 04,514340,A prazo,100,0.05,770000
3/2023,1,SOF CONJ F LT 01,5014357,A prazo,180,0.05,600000
3/2023,2,SOF CONJ F LT 01,5014347,A prazo,180,0.05,450000
3/2023,3,SOF CONJ F LT 01,5014422,A prazo,180,0.05,411999
3/2023,4,SOF CONJ F LT 01,5014424,A prazo,180,0.05,381000
3/2023,5,SOF CONJ F LT 01,5014398,A prazo,60,0.05,379900
3/2023,Desclassificado,QD 107 AV VARGEM DA BENCAO LT 02,5014189,A prazo,180,0.05,120322
3/2023,1,QD 107 AV VARGEM DA BENCAO LT 03,5014244,A prazo,180,0.05,111111
3/2023,1,SHRF II QS 06 BL B LT 01,5014358,A prazo,120,0.3,189501
3/2023,2,SHRF II QS 06 BL B LT 01,5014203,A prazo,180,0.05,175000
3/2023,3,SHRF II QS 06 BL B LT 01,5014401,A prazo,180,0.05,159999
3/2023,4,SHRF II QS 06 BL B LT 01,10051742,vista,0,1.0,158000
3/2023,1,SHRF II QS 06 BL B LT 02,5014363,A prazo,120,0.3,189501
3/2023,2,SHRF II QS 06 BL B LT 02,5014206,A prazo,180,0.05,175000
3/2023,3,SHRF II QS 06 BL B LT 02,5014180,A prazo,180,0.05,172037
3/2023,Desclassificado,SHRF II QS 25 CONJ 04 LT 01,5014160,A prazo,100,0.05,2451000
3/2023,2,SHRF II QS 25 CONJ 04 LT 01,10051789,A prazo,180,0.05,1344999
3/2023,Desclassificado,SAMAMBAIA QN 502 CONJ 02 LT 02,5014322,A prazo,180,0.05,667000
3/2023,2,SAMAMBAIA QN 502 CONJ 02 LT 02,10051898,A prazo,180,0.05,651990
3/2023,3,SAMAMBAIA QN 502 CONJ 02 LT 02,5014102,A prazo,120,0.05,613133
3/2023,4,SAMAMBAIA QN 502 CONJ 02 LT 02,10051869,A prazo,180,0.05,602000
3/2023,5,SAMAMBAIA QN 502 CONJ 02 LT 02,5014303,A prazo,180,0.05,587601
3/2023,6,SAMAMBAIA QN 502 CONJ 02 LT 02,5014311,A prazo,180,0.05,553000
3/2023,7,SAMAMBAIA QN 502 CONJ 02 LT 02,5014425,A prazo,140,0.05,509900
3/2023,8,SAMAMBAIA QN 502 CONJ 02 LT 02,5014106,A prazo,120,0.05,501199
3/2023,9,SAMAMBAIA QN 502 CONJ 02 LT 02,5014411,A prazo,180,0.05,459999
3/2023,Desclassificado,SAMAMBAIA QN 502 CONJ 02 LT 02,5014250,A prazo,180,0.05,702000
3/2023,Desclassificado,SAMAMBAIA QN 502 CONJ 02 LT 02,10051815,A prazo,180,0.05,660000
3/2023,1,SAMAMBAIA QS 312 CONJ 08 LT 02,5014360,A prazo,180,0.05,233000
3/2023,2,SAMAMBAIA QS 312 CONJ 08 LT 02,5014294,A prazo,100,0.05,175500
3/2023,3,SAMAMBAIA QS 312 CONJ 08 LT 02,5014144,A prazo,120,0.05,160100
3/2023,4,SAMAMBAIA QS 312 CONJ 08 LT 02,10051755,A prazo,180,0.2,155000
3/2023,5,SAMAMBAIA QS 312 CONJ 08 LT 02,5014407,A prazo,180,0.05,152000
3/2023,1,SAMAMBAIA QN 501 CONJ 05 LT 01,5014199,A prazo,180,0.05,1207000
3/2023,2,SAMAMBAIA QN 501 CONJ 05 LT 01,10051714,A prazo,24,0.05,1202901
3/2023,1,SAMAMBAIA QN 501 CONJ 05 LT 04,10051715,A prazo,24,0.05,1202900
3/2023,1,SAMAMBAIA QN 307 CONJ 04 LT 10,5013995,A prazo,180,0.05,142510
3/2023,Desclassificado,SAMAMBAIA QN 319 CONJ D LT 02,10051746,A prazo,180,0.2,106000
3/2023,1,SAMAMBAIA QN 319 CONJ D LT 07,10051779,A prazo,180,0.05,101100
3/2023,Desclassificado,SAMAMBAIA QS 115 CONJ D LT 04,10051788,A prazo,180,0.05,120000
3/2023,Desclassificado,SAMAMBAIA QS 115 CONJ D LT 05,5014268,A prazo,180,0.05,126500
3/2023,1,SAMAMBAIA QS 115 CONJ D LT 06,10051750,A prazo,180,0.23,131000
3/2023,Desclassificado,SANTA MARIA AREA COMPLEMENTAR 219 CONJ D LT 16,10051738,A prazo,180,0.2,110000
3/2023,2,SANTA MARIA AREA COMPLEMENTAR 219 CONJ D LT 16,5014414,A prazo,150,0.05,99900
3/2023,1,SOBRADINHO QD 11 CONJ D LT 49,5014336,A prazo,180,0.05,408000
3/2023,2,SOBRADINHO QD 11 CONJ D LT 49,10051906,A prazo,180,0.08,349352
3/2023,Desclassificado,SOBRADINHO QD 02 CONJ D/E LT B,5014392,A prazo,180,0.05,990099
3/2023,Desclassificado,QD 05 LT 01,5014369,A prazo,180,0.05,720100
3/2023,1,EXP/ECONOMICA QD 05 LT 21,5014027,A prazo,180,0.05,800000
3/2023,2,EXP/ECONOMICA QD 05 LT 21,5014129,A prazo,175,0.06,693501
3/2023,3,EXP/ECONOMICA QD 05 LT 21,5014207,A prazo,180,0.05,502947
4/2023,1,SHCE/S QD 711 LT 01,5014701,A prazo,179,0.06,177000
4/2023,2,SHCE/S QD 711 LT 01,10052063,A prazo,180,0.05,155100
4/2023,1,IND I QD CENTRAL DE SERVICO BL A,5014660,A prazo,180,0.05,551500
4/2023,2,IND I QD CENTRAL DE SERVICO BL A,10052117,A prazo,120,0.15,499999
4/2023,3,IND I QD CENTRAL DE SERVICO BL A,5014702,A prazo,179,0.06,465500
4/2023,4,IND I QD CENTRAL DE SERVICO BL A,5014659,A prazo,180,0.05,451500
4/2023,5,IND I QD CENTRAL DE SERVICO BL A,10052035,A prazo,36,0.1,409410
4/2023,6,IND I QD CENTRAL DE SERVICO BL A,5014716,A prazo,170,0.05,374097
4/2023,7,IND I QD CENTRAL DE SERVICO BL A,10052090,vista,0,1.0,323749
4/2023,8,IND I QD CENTRAL DE SERVICO BL A,10052068,vista,0,1.0,321000
4/2023,9,IND I QD CENTRAL DE SERVICO BL A,10052109,A prazo,180,0.05,319800
4/2023,10,IND I QD CENTRAL DE SERVICO BL A,10052070,A prazo,90,0.15,287900
4/2023,Desclassificado,IND I QD CENTRAL DE SERVICO BL A,10052060,A prazo,60,0.25,271500
4/2023,1,IND I QD 09 LT 08,10052071,A prazo,60,0.15,137900
4/2023,2,IND I QD 09 LT 08,10052036,A prazo,36,0.1,121936
4/2023,3,IND I QD 09 LT 08,10052069,vista,0,1.0,117000
4/2023,1,IND I QD 10 LT 111,10052037,A prazo,36,0.1,82975
4/2023,2,IND I QD 10 LT 111,10052075,A prazo,60,0.15,77900
4/2023,3,IND I QD 10 LT 111,10052054,A prazo,180,0.05,73405
4/2023,1,IND I QD 10 LT 112,10052081,A prazo,180,0.05,112000
4/2023,2,IND I QD 10 LT 112,10052038,A prazo,36,0.1,82975
4/2023,3,IND I QD 10 LT 112,10052074,A prazo,60,0.15,77901
4/2023,4,IND I QD 10 LT 112,10052055,A prazo,180,0.05,73602
4/2023,1,IND I QD 10 LT 116,10052039,A prazo,36,0.1,82975
4/2023,2,IND I QD 10 LT 116,10052073,A prazo,60,0.15,77902
4/2023,3,IND I QD 10 LT 116,10052111,A prazo,180,0.05,75259
4/2023,4,IND I QD 10 LT 116,10052056,A prazo,180,0.05,73602
4/2023,1,IND I QD 10 LT 118,10052125,A prazo,180,0.05,100105
4/2023,2,IND I QD 10 LT 118,10052040,A prazo,36,0.1,82975
4/2023,3,IND I QD 10 LT 118,10052072,A prazo,60,0.15,77903
4/2023,4,IND I QD 10 LT 118,10052112,A prazo,180,0.05,75303
4/2023,5,IND I QD 10 LT 118,10052057,A prazo,180,0.05,73602
4/2023,Desclassificado,IND I QD 10 LT 118,10052082,vista,0,1.0,73300
4/2023,1,LESTE (COM) QD 30 LT 04,10052059,A prazo,36,0.05,203100
4/2023,1,IMÓVEIS AGRUPADOS - VIDE EDITAL,5014713,vista,0,1.0,38700
4/2023,2,IMÓVEIS AGRUPADOS - VIDE EDITAL,5014705,vista,0,1.0,32600
4/2023,1,SRIA QE 52 CONJ G LT 23,5014714,A prazo,170,0.05,403791
4/2023,2,SRIA QE 52 CONJ G LT 23,5014697,A prazo,180,0.05,379010
4/2023,3,SRIA QE 52 CONJ G LT 23,10052106,A prazo,180,0.05,362000
4/2023,4,SRIA QE 52 CONJ G LT 23,10052102,vista,0,1.0,352600
4/2023,5,SRIA QE 52 CONJ G LT 23,10052085,A prazo,179,0.06,352500
4/2023,6,SRIA QE 52 CONJ G LT 23,5014703,A prazo,179,0.06,346500
4/2023,7,SRIA QE 52 CONJ G LT 23,10052042,A prazo,180,0.05,342500
4/2023,8,SRIA QE 52 CONJ G LT 23,10052133,A prazo,180,0.05,337700
4/2023,9,SRIA QE 52 CONJ G LT 23,10052061,A prazo,180,0.3,333000
4/2023,10,SRIA QE 52 CONJ G LT 23,10052118,A prazo,180,0.05,326000
4/2023,11,SRIA QE 52 CONJ G LT 23,10052139,A prazo,180,0.25,321000
4/2023,12,SRIA QE 52 CONJ G LT 23,5014616,A prazo,180,0.1,300599
4/2023,13,SRIA QE 52 CONJ G LT 23,10052105,A prazo,180,0.05,280000
4/2023,14,SRIA QE 52 CONJ G LT 23,10052103,A prazo,180,0.05,242000
4/2023,1,SRIA QE 52 CONJ J LT 15,5014715,A prazo,170,0.05,402971
4/2023,2,SRIA QE 52 CONJ J LT 15,5014700,A prazo,180,0.05,370100
4/2023,3,SRIA QE 52 CONJ J LT 15,10052104,vista,0,1.0,345200
4/2023,4,SRIA QE 52 CONJ J LT 15,10052094,A prazo,180,0.05,326000
4/2023,5,SRIA QE 52 CONJ J LT 15,5014633,A prazo,180,0.2,320000
4/2023,6,SRIA QE 52 CONJ J LT 15,10052087,A prazo,180,0.05,309000
4/2023,7,SRIA QE 52 CONJ J LT 15,10052080,A prazo,180,0.06,303999
4/2023,8,SRIA QE 52 CONJ J LT 15,5014663,A prazo,180,0.2,260000
4/2023,9,SRIA QE 52 CONJ J LT 15,10052107,A prazo,180,0.13,250500
4/2023,10,SRIA QE 52 CONJ J LT 15,10052044,vista,0,1.0,238806
4/2023,1,SRIA QE 54 COMERCIO LOCAL LT 02,10052101,A prazo,180,0.05,1510000
4/2023,1,SRIA QE 54 COMERCIO LOCAL LT 03,5014707,A prazo,180,0.05,1650000
4/2023,1,ST HAB. J. BOTANICO AVENIDA DAS PAINEIRAS N QD-08 CONJ A LT 10,5014645,A prazo,180,0.09,1061111
4/2023,2,ST HAB. J. BOTANICO AVENIDA DAS PAINEIRAS N QD-08 CONJ A LT 10,10052088,A prazo,180,0.05,755555
4/2023,3,ST HAB. J. BOTANICO AVENIDA DAS PAINEIRAS N QD-08 CONJ A LT 10,10052092,A prazo,180,0.05,729563
4/2023,4,ST HAB. J. BOTANICO AVENIDA DAS PAINEIRAS N QD-08 CONJ A LT 10,10052034,A prazo,120,0.1,707000
4/2023,5,ST HAB. J. BOTANICO AVENIDA DAS PAINEIRAS N QD-08 CONJ A LT 10,10052065,A prazo,180,0.05,669479
4/2023,6,ST HAB. J. BOTANICO AVENIDA DAS PAINEIRAS N QD-08 CONJ A LT 10,10052141,A prazo,180,0.1,620000
4/2023,7,ST HAB. J. BOTANICO AVENIDA DAS PAINEIRAS N QD-08 CONJ A LT 10,10052093,vista,0,1.0,584000
4/2023,1,IMÓVEIS AGRUPADOS - VIDE EDITAL,10052110,A prazo,180,1.0,9600
4/2023,1,PARANOÁ QD 03 CONJ 01 LT 03,10052031,A prazo,24,0.05,814000
4/2023,1,PARANOÁ QD 03 CONJ 01 LT 04,10052030,A prazo,24,0.05,818000
4/2023,1,PARANOÁ QD 03 CONJ 01 LT 05,5014708,A prazo,180,0.05,1160000
4/2023,2,PARANOÁ QD 03 CONJ 01 LT 05,10052029,A prazo,24,0.05,797000
4/2023,1,SHRF II QS 06 BL C LT 01,10052078,A prazo,120,0.3,165900
4/2023,1,SHRF II QS 06 BL C LT 02,10052079,A prazo,120,0.3,165900
4/2023,2,SHRF II QS 06 BL C LT 02,10052148,vista,0,1.0,140000
4/2023,1,SHRF II QS 06 BL C LT 05,10052043,A prazo,180,0.05,165498
4/2023,2,SHRF II QS 06 BL C LT 05,10052149,vista,0,1.0,140000
4/2023,1,SHRF II QS 06 BL C LT 07,10052126,A prazo,180,0.05,191000
4/2023,1,SHRF II QS 06 BL C LT 08,10052127,A prazo,180,0.05,191000
4/2023,1,SHRF II QS 06 BL C LT 09,10052089,A prazo,180,0.05,181900
4/2023,2,SHRF II QS 06 BL C LT 09,10052049,A prazo,180,0.1,165500
4/2023,1,ADE/OESTE QS 1031 CONJ 01 LT 03,10052130,A prazo,180,0.05,161001
4/2023,1,SAMAMBAIA QS 602 CONJ G LT 01,10052150,A prazo,11,0.05,1499999
4/2023,2,SAMAMBAIA QS 602 CONJ G LT 01,5014709,A prazo,180,0.05,1400000
4/2023,1,SAMAMBAIA QS 602 CONJ G LT 02,5014307,A prazo,180,0.05,1740000
4/2023,2,SAMAMBAIA QS 602 CONJ G LT 02,5012679,A prazo,180,0.1,1715000
4/2023,3,SAMAMBAIA QS 602 CONJ G LT 02,5012582,A prazo,180,0.05,1610000
4/2023,4,SAMAMBAIA QS 602 CONJ G LT 02,5012829,A prazo,180,0.3,1599000
4/2023,5,SAMAMBAIA QS 602 CONJ G LT 02,5014309,A prazo,180,0.5,1450000
4/2023,1,SAMAMBAIA QS 604 CONJ C LT 02,10052145,A prazo,11,0.05,1188888
4/2023,2,SAMAMBAIA QS 604 CONJ C LT 02,5014653,A prazo,180,0.09,1034005
4/2023,1,SAMAMBAIA QS 610 CONJ E LT 01,10052113,A prazo,180,0.05,152652
4/2023,2,SAMAMBAIA QS 610 CONJ E LT 01,10052134,A prazo,180,0.05,152099
4/2023,1,SAMAMBAIA QS 515 CONJ A LT 02,10052108,A prazo,180,0.05,1112000
4/2023,1,SAMAMBAIA QN 425 CONJ B LT 01,10052045,A prazo,180,0.05,327077
4/2023,1,SAMAMBAIA QS 401 CONJ F LT 01,10052119,A prazo,180,0.05,1349000
4/2023,2,SAMAMBAIA QS 401 CONJ F LT 01,5014696,A prazo,36,0.05,1300000
4/2023,1,SAMAMBAIA QS 401 CONJ F LT 02,10052120,A prazo,180,0.05,1349000
4/2023,2,SAMAMBAIA QS 401 CONJ F LT 02,5014695,A prazo,36,0.05,1300000
4/2023,Desclassificado,SAMAMBAIA QS 401 CONJ F LT 02,50138730,A prazo,180,0.05,1280000
4/2023,Desclassificado,SAMAMBAIA QS 401 CONJ F LT 02,5013873,A prazo,180,0.05,1275000
4/2023,1,SAMAMBAIA QS 401 CONJ H LT 02,10052041,A prazo,180,0.06,910031
4/2023,2,SAMAMBAIA QS 401 CONJ H LT 02,5014352,A prazo,180,0.05,795000
4/2023,1,SAMAMBAIA QN 409 CONJ E LT 02,10052121,A prazo,180,0.05,262050
4/2023,1,SAMAMBAIA QN 409 CONJ E LT 06,10052076,A prazo,90,0.1,277902
4/2023,1,IMÓVEIS AGRUPADOS - VIDE EDITAL,5014634,A prazo,180,0.05,3750000
4/2023,2,IMÓVEIS AGRUPADOS - VIDE EDITAL,5012831,A prazo,180,0.05,3700000
4/2023,3,IMÓVEIS AGRUPADOS - VIDE EDITAL,5014313,A prazo,180,0.5,3000000
4/2023,4,IMÓVEIS AGRUPADOS - VIDE EDITAL,5012579,A prazo,180,0.3,2900000
4/2023,5,IMÓVEIS AGRUPADOS - VIDE EDITAL,10052053,A prazo,120,0.05,2754000
4/2023,1,SAMAMBAIA QS 107 CONJ 05 LT 02,10052124,A prazo,120,0.05,1000000
4/2023,1,ADE/SUL CONJ 18 LT 19,10052115,A prazo,180,0.05,188813
4/2023,2,ADE/SUL CONJ 18 LT 19,10052033,A prazo,180,0.05,153600
4/2023,3,ADE/SUL CONJ 18 LT 19,10052077,A prazo,90,0.1,137901
4/2023,4,ADE/SUL CONJ 18 LT 19,10052131,A prazo,180,0.05,120099
